Workbook

Sheet How to fill
A1: Template version | B1: EGO-INV-4
A3: This file is for | B3: EGO Premium and Big E together: there is one inventory. Upload it in EGO Master: Import from Excel, in the Inventory card. Only the Owner, a Director or Warehouse & Dispatch can upload it.
A4: Before anything is saved | B4: Every row is checked and shown as new, update (already saved) or error with the reason. You then press Save.
A5: Order to fill | B5: 1 Categories, 2 Collections (with the box size), 3 Warehouses, 4 Designs & stock. Each sheet picks names from the sheets before it with a dropdown, so fill them in that order.
A6: Designs & stock | B6: One row per design per warehouse. A design in two warehouses is two rows (repeat the design). A design not in stock yet: leave Warehouse and Boxes empty.
A7: Box size | B7: On Collections, fill the box size in sq ft OR square metres. Sq ft in stock is then worked out by itself, in this file and in EGO Master.
A8: Boxes | B8: Stock is counted in whole boxes: what is in that warehouse today. Uploading the file again replaces these numbers, it does not add to them.
A9: Matching | B9: A design is matched by its code, or by its name inside its collection. Uploading again updates, never duplicates.
A10: Compulsory columns | B10: Red headers ending with * must be filled on every row.
A11: Example rows | B11: Row 2 of every sheet is a grey EXAMPLE row. It is skipped.
A12: Columns | B12: Do not rename, move or add columns.
A14: Categories | B14: Every kind of floor. Today's categories are already listed: add any that are missing (for example PVC Soffit & Cladding).
... A17: Designs & stock | B17: One row per design per warehouse: category, collection, design, code, type, colour, the warehouse and the boxes there today. Sq ft are worked out. After this, stock changes inside EGO Master with Stock in / out.
A19: Categories listed | B19: =MAX(0,COUNTA(Categories!A2:A500)-1)
A20: Collections listed | B20: =MAX(0,COUNTA(Collections!B2:B2000)-1)
A21: Warehouses listed | B21: =MAX(0,COUNTA(Warehouses!A2:A500)-1)
A22: Rows on Designs & stock | B22: =MAX(0,COUNTA('Designs & stock'!C2:C5000)-1)
A23: Boxes in stock | B23: =SUM('Designs & stock'!H3:H5000)
A24: Sq ft in stock | B24: =SUM('Designs & stock'!I3:I5000)

Sheet Categories
A1: Category name *
A2: EXAMPLE PVC Soffit & Cladding
A3: LVT
A4: SPC
A5: Laminate
A6: Engineered
A7: Hywood
A8: WPC Tile Deck
A9: WPC Plank Deck
A10: PVC Soffit & Cladding
A11: Bamboo Deck
A12: Bamboo Cladding / Soffit

Sheet Collections
A1: Category (pick from the Categories sheet) * | B1: Collection name (e.g. Divine) * | C1: Box size in sq ft | D1: Box size in square metres (fill this OR sq ft) | E1: Pieces per box | F1: Size (mm) | G1: Thickness | H1: Wear layer
A2: LVT | B2: EXAMPLE Divine | C2: 45 | E2: 22 | F2: 1219 x 178 | G2: 2.0mm | H2: 0.1mm

Sheet Warehouses
A1: Warehouse name * | B1: City | C1: Address
A2: EXAMPLE Bhiwandi godown | B2: Thane | C2: Gala 12, Mankoli Naka

Sheet Designs & stock
A1: Category (pick) | B1: Collection (pick from the Collections sheet) * | C1: Design name * | D1: Design code (if any) | E1: Type (Plank, Tile, Herringbone...) | F1: Colour or shade | G1: Warehouse (pick from the Warehouses sheet) | H1: Boxes in this warehouse today | I1: Sq ft in this warehouse (worked out, do not type) | J1: Status
A2: LVT | B2: EXAMPLE Divine | C2: EXAMPLE Detroit Walnut | E2: Plank | F2: Brown | G2: EXAMPLE Bhiwandi godown | H2: 120 | I2: =IF(OR(H2="",B2=""),"",IFERROR(ROUND(H2*MAX(VLOOKUP(B2,Collections!$B:$D,2,FALSE),VLOOKUP(B2,Collections!$B:$D,3,FALSE)*10.7639),0),"collection not found")) | J2: Active
I3: =IF(OR(H3="",B3=""),"",IFERROR(ROUND(H3*MAX(VLOOKUP(B3,Collections!$B:$D,2,FALSE),VLOOKUP(B3,Collections!$B:$D,3,FALSE)*10.7639),0),"collection not found"))
I4: =IF(OR(H4="",B4=""),"",IFERROR(ROUND(H4*MAX(VLOOKUP(B4,Collections!$B:$D,2,FALSE),VLOOKUP(B4,Collections!$B:$D,3,FALSE)*10.7639),0),"collection not found"))
I5: =IF(OR(H5="",B5=""),"",IFERROR(ROUND(H5*MAX(VLOOKUP(B5,Collections!$B:$D,2,FALSE),VLOOKUP(B5,Collections!$B:$D,3,FALSE)*10.7639),0),"collection not found"))
I6: =IF(OR(H6="",B6=""),"",IFERROR(ROUND(H6*MAX(VLOOKUP(B6,Collections!$B:$D,2,FALSE),VLOOKUP(B6,Collections!$B:$D,3,FALSE)*10.7639),0),"collection not found"))
I7: =IF(OR(H7="",B7=""),"",IFERROR(ROUND(H7*MAX(VLOOKUP(B7,Collections!$B:$D,2,FALSE),VLOOKUP(B7,Collections!$B:$D,3,FALSE)*10.7639),0),"collection not found"))
I8: =IF(OR(H8="",B8=""),"",IFERROR(ROUND(H8*MAX(VLOOKUP(B8,Collections!$B:$D,2,FALSE),VLOOKUP(B8,Collections!$B:$D,3,FALSE)*10.7639),0),"collection not found"))
I9: =IF(OR(H9="",B9=""),"",IFERROR(ROUND(H9*MAX(VLOOKUP(B9,Collections!$B:$D,2,FALSE),VLOOKUP(B9,Collections!$B:$D,3,FALSE)*10.7639),0),"collection not found"))
I10: =IF(OR(H10="",B10=""),"",IFERROR(ROUND(H10*MAX(VLOOKUP(B10,Collections!$B:$D,2,FALSE),VLOOKUP(B10,Collections!$B:$D,3,FALSE)*10.7639),0),"collection not found"))
I11: =IF(OR(H11="",B11=""),"",IFERROR(ROUND(H11*MAX(VLOOKUP(B11,Collections!$B:$D,2,FALSE),VLOOKUP(B11,Collections!$B:$D,3,FALSE)*10.7639),0),"collection not found"))
I12: =IF(OR(H12="",B12=""),"",IFERROR(ROUND(H12*MAX(VLOOKUP(B12,Collections!$B:$D,2,FALSE),VLOOKUP(B12,Collections!$B:$D,3,FALSE)*10.7639),0),"collection not found"))
I13: =IF(OR(H13="",B13=""),"",IFERROR(ROUND(H13*MAX(VLOOKUP(B13,Collections!$B:$D,2,FALSE),VLOOKUP(B13,Collections!$B:$D,3,FALSE)*10.7639),0),"collection not found"))
I14: =IF(OR(H14="",B14=""),"",IFERROR(ROUND(H14*MAX(VLOOKUP(B14,Collections!$B:$D,2,FALSE),VLOOKUP(B14,Collections!$B:$D,3,FALSE)*10.7639),0),"collection not found"))
... I1001: =IF(OR(H1001="",B1001=""),"",IFERROR(ROUND(H1001*MAX(VLOOKUP(B1001,Collections!$B:$D,2,FALSE),VLOOKUP(B1001,Collections!$B:$D,3,FALSE)*10.7639),0),"collection not found"))

Sheet Lists
A1: @design_types | B1: -
A2: Plank | B2: Active
A3: Tile | B3: Discontinued
A4: Herringbone
A5: Chevron
A6: Board
A7: Profile
A8: Other
